id,firstname,lastname,annee
1,John,Doe,1999-06-15
2,Jane,Smith,1994-03-22
3,Michael,Johnson,2002-07-08
4,Emily,Williams,1996-12-05
5,Christopher,Brown,1989-11-13
6,Amy,Miller,1995-04-20
7,David,Davis,1998-09-14
8,Emma,Jones,1993-10-07
9,Brian,Clark,2006-02-18
10,Sophia,Moore,1997-08-09
11,Matthew,Anderson,1992-11-27
12,Olivia,Hill,2001-01-30
13,Nathan,White,1991-05-11
14,Grace,Turner,1998-06-22
15,William,Wilson,1995-07-03
16,Abigail,Hall,1996-05-15
17,James,Green,1993-09-25
18,Chloe,Scott,1997-04-11
19,Aiden,Evans,1999-08-16
20,Samantha,Martin,1990-12-28
21,Ethan,Thompson,1994-01-21
22,Lily,Baker,1998-10-12
23,Benjamin,Ward,1995-03-16
24,Elizabeth,Cook,1996-09-19
25,Logan,Murphy,1992-07-06
26,Ava,Collins,1993-02-14
27,Andrew,Brooks,1997-06-03
28,Hannah,Rogers,2000-04-05
29,Daniel,Fisher,2020-11-22
30,Isabella,Harrison,1989-08-04
31,Jackson,Bennett,1998-07-27
32,Amelia,Reed,1996-02-09
33,Owen,Morris,1994-03-18
34,Harper,Roberts,1995-12-01
35,Caleb,Hughes,1993-05-06
36,Ella,Bell,1997-11-15
37,Liam,Watson,1991-10-30
38,Avery,Foster,1999-03-17
39,Sofia,Gibson,2002-06-24
40,Jack,Kelly,1996-04-19
41,Aria,Bailey,1993-01-29
42,Mason,Mitchell,1998-08-05
43,Addison,Hayes,1995-09-14
44,Lucas,Richardson,1997-02-28
45,Aubrey,Cox,1994-12-18
46,Grayson,Fleming,1992-06-04
47,Scarlett,Newton,1996-01-22
48,Carter,Hudson,1998-07-13
49,Zoe,Perry,1999-05-23
50,Nicholas,Murray,1991-04-17
51,Penelope,Walters,1995-06-29
52,Luke,Morrison,1993-11-06
53,Leah,Mason,1996-08-12
54,Jacob,Knight,1997-12-21
55,Stella,Bell,2000-07-10
56,Connor,Howell,1994-09-25
57,Evelyn,May,1992-05-03
58,Tristan,Stone,1996-03-08
59,Lillian,Field,1998-01-16
60,Noah,Cunningham,1995-12-07
61,Sophie,Rice,1993-10-13
62,Xavier,Reyes,1997-11-20
63,Mia,Gomez,1994-06-18
64,Colton,Hansen,1995-02-04
65,Victoria,Saunders,1990-09-02
66,Gabriel,Watkins,1992-11-10
67,Grace,Sharp,1996-08-19
68,Nolan,Franklin,1998-05-25
69,Hailey,Barnes,2001-04-09
70,Landon,Palmer,1999-10-16
71,Kylie,King,1994-02-01
72,Cameron,Warren,1995-07-12
73,Eva,Crawford,1997-09-04
74,Isaac,Hayden,1993-01-05
75,Autumn,Fletcher,1996-11-08
76,Kaiden,Gordon,1998-03-22
77,Savannah,Fleming,1992-06-25
78,Austin,Lane,1995-05-30
79,Allison,Harrison,1994-09-06
80,Henry,Meyer,1997-02-26
81,Kaylee,Parks,1996-04-15
82,Alexander,Ballard,2000-01-24
83,Mackenzie,Stanley,1998-09-29
84,Dylan,Wade,1995-08-17
85,Maya,Gill,1993-03-11
86,Bentley,Horton,1997-12-02
87,Aria,Sullivan,1996-02-18
88,Gavin,Ramsey,1991-07-04
89,Elena,Woods,1998-10-27
90,Jaden,Rowe,1994-05-09
91,Nora,Lawson,1995-03-14
92,Blake,Griffith,1993-07-31
93,Lucy,Parsons,1996-09-25
94,Oscar,Castro,1997-01-11
95,Ashley,Dunn,1999-12-03
96,Gideon,McCarthy,1994-11-20
97,Kennedy,Price,1996-06-06
98,Maxwell,Bowen,1995-08-23
99,Piper,Bridges,1992-10-16
100,Brayden,Morton,1998-11-05